[
  {
    "99popularity": 83.0,
    "director": "Victor Fleming",
    "genre": [
      "Adventure",
      " Family",
      " Fantasy",
      " Musical"
    ],
    "imdb_score": 8.3,
    "name": "The Wizard of Oz"
  },
  {
    "99popularity": 88.0,
    "director": "George Lucas",
    "genre": [
      "Action",
      " Adventure",
      " Fantasy",
      " Sci-Fi"
    ],
    "imdb_score": 8.8,
    "name": "Star Wars"
  },
  {
    "99popularity": 66.0,
    "director": "Giovanni Pastrone",
    "genre": [
      "Adventure",
      " Drama",
      " War"
    ],
    "imdb_score": 6.6,
    "name": "Cabiria"
  },
  {
    "99popularity": 87.0,
    "director": "Alfred Hitchcock",
    "genre": [
      "Horror",
      " Mystery",
      " Thriller"
    ],
    "imdb_score": 8.7,
    "name": "Psycho"
  },
  {
    "99popularity": 80.0,
    "director": "Merian C. Cooper",
    "genre": [
      "Adventure",
      " Fantasy",
      " Horror"
    ],
    "imdb_score": 8.0,
    "name": "King Kong"
  },
  {
    "99popularity": 84.0,
    "director": "Fritz Lang",
    "genre": [
      "Adventure",
      " Drama",
      " Sci-Fi"
    ],
    "imdb_score": 8.4,
    "name": "Metropolis"
  },
  {
    "99popularity": 86.0,
    "director": "Marc Daniels",
    "genre": [
      "Adventure",
      " Sci-Fi"
    ],
    "imdb_score": 8.6,
    "name": "Star Trek"
  },
  {
    "99popularity": 88.0,
    "director": "Michael Curtiz",
    "genre": [
      "Drama",
      " Romance",
      " War"
    ],
    "imdb_score": 8.8,
    "name": "Casablanca"
  },
  {
    "99popularity": 79.0,
    "director": "William Cottrell",
    "genre": [
      "Animation",
      " Family",
      " Fantasy",
      " Musical",
      " Romance"
    ],
    "imdb_score": 7.9,
    "name": "Snow White and the Seven Dwarfs"
  },
  {
    "99popularity": 84.0,
    "director": "Stanley Kubrick",
    "genre": [
      "Adventure",
      " Mystery",
      " Sci-Fi"
    ],
    "imdb_score": 8.4,
    "name": "2001 : A Space Odyssey"
  },
  {
    "99popularity": 92.0,
    "director": "Francis Ford Coppola",
    "genre": [
      "Crime",
      " Drama"
    ],
    "imdb_score": 9.2,
    "name": "The Godfather"
  },
  {
    "99popularity": 71.0,
    "director": "D.W. Griffith",
    "genre": [
      "Drama",
      " History",
      " Romance",
      " War",
      " Western"
    ],
    "imdb_score": 7.1,
    "name": "The Birth of a Nation"
  },
  {
    "99popularity": 81.0,
    "director": "Alfred Hitchcock",
    "genre": [
      "Crime",
      " Film-Noir",
      " Mystery",
      " Thriller"
    ],
    "imdb_score": 8.1,
    "name": "Shadow of a Doubt"
  },
  {
    "99popularity": 83.0,
    "director": "Steven Spielberg",
    "genre": [
      "Thriller"
    ],
    "imdb_score": 8.3,
    "name": "Jaws"
  },
  {
    "99popularity": 64.0,
    "director": "J. Searle Dawley",
    "genre": [
      "Fantasy",
      " Romance"
    ],
    "imdb_score": 6.4,
    "name": "Snow White"
  },
  {
    "99popularity": 86.0,
    "director": "Francis Ford Coppola",
    "genre": [
      "Drama",
      " War"
    ],
    "imdb_score": 8.6,
    "name": "Apocalypse Now"
  },
  {
    "99popularity": 82.0,
    "director": "Victor Fleming",
    "genre": [
      "Drama",
      " Romance",
      " War"
    ],
    "imdb_score": 8.2,
    "name": "Gone with the Wind"
  },
  {
    "99popularity": 76.0,
    "director": "Ernst Lubitsch",
    "genre": [
      "Musical",
      " Comedy",
      " Romance"
    ],
    "imdb_score": 7.6,
    "name": "The Merry Widow"
  },
  {
    "99popularity": 81.0,
    "director": "John Ford",
    "genre": [
      "Adventure",
      " Drama",
      " Western"
    ],
    "imdb_score": 8.1,
    "name": "The Searchers"
  },
  {
    "99popularity": 86.0,
    "director": "Alfred Hitchcock",
    "genre": [
      "Crime",
      " Mystery",
      " Romance",
      " Thriller"
    ],
    "imdb_score": 8.6,
    "name": "Vertigo"
  },
  {
    "99popularity": 73.0,
    "director": "Terence Young",
    "genre": [
      "Action",
      " Adventure",
      " Thriller"
    ],
    "imdb_score": 7.3,
    "name": "Dr. No"
  },
  {
    "99popularity": 83.0,
    "director": "Orson Welles",
    "genre": [
      "Crime",
      " Film-Noir",
      " Thriller"
    ],
    "imdb_score": 8.3,
    "name": "Touch of Evil"
  },
  {
    "99popularity": 74.0,
    "director": "Merian C. Cooper",
    "genre": [
      "Adventure",
      " Documentary"
    ],
    "imdb_score": 7.4,
    "name": "Chang : A Drama of the Wilderness"
  },
  {
    "99popularity": 81.0,
    "director": "William Friedkin",
    "genre": [
      "Horror"
    ],
    "imdb_score": 8.1,
    "name": "The Exorcist"
  },
  {
    "99popularity": 86.0,
    "director": "Orson Welles",
    "genre": [
      "Drama",
      " Mystery"
    ],
    "imdb_score": 8.6,
    "name": "Citizen Kane"
  },
  {
    "99popularity": 81.0,
    "director": "James Cameron",
    "genre": [
      "Action",
      " Sci-Fi",
      " Thriller"
    ],
    "imdb_score": 8.1,
    "name": "The Terminator"
  },
  {
    "99popularity": 81.0,
    "director": "Roman Polanski",
    "genre": [
      "Drama",
      " Horror",
      " Mystery"
    ],
    "imdb_score": 8.1,
    "name": "Rosemarys Baby"
  },
  {
    "99popularity": 81.0,
    "director": "Sergei M. Eisenstein",
    "genre": [
      "Drama",
      " History",
      " War"
    ],
    "imdb_score": 8.1,
    "name": "Bronenosets Potyomkin"
  },
  {
    "99popularity": 88.0,
    "director": "Irvin Kershner",
    "genre": [
      "Action",
      " Adventure",
      " Sci-Fi"
    ],
    "imdb_score": 8.8,
    "name": "Star Wars : Episode V - The Empire Strikes Back"
  },
  {
    "99popularity": 71.0,
    "director": "Harry O. Hoyt",
    "genre": [
      "Adventure",
      " Fantasy",
      " Horror",
      " Sci-Fi",
      " Thriller"
    ],
    "imdb_score": 7.1,
    "name": "The Lost World"
  },
  {
    "99popularity": 85.0,
    "director": "Stanley Kubrick",
    "genre": [
      "Crime",
      " Drama",
      " Sci-Fi"
    ],
    "imdb_score": 8.5,
    "name": "A Clockwork Orange"
  },
  {
    "99popularity": 80.0,
    "director": "James Whale",
    "genre": [
      "Drama",
      " Horror",
      " Sci-Fi"
    ],
    "imdb_score": 8.0,
    "name": "Frankenstein"
  },
  {
    "99popularity": 85.0,
    "director": "Lisa Simon",
    "genre": [
      "Animation",
      " Comedy",
      " Family",
      " Fantasy",
      " Music"
    ],
    "imdb_score": 8.5,
    "name": "Sesame Street"
  },
  {
    "99popularity": 82.0,
    "director": "Jean Renoir",
    "genre": [
      "Drama",
      " War"
    ],
    "imdb_score": 8.2,
    "name": "La grande illusion"
  },
  {
    "99popularity": 87.0,
    "director": "Steven Spielberg",
    "genre": [
      "Action",
      " Adventure"
    ],
    "imdb_score": 8.7,
    "name": "Raiders of the Lost Ark"
  },
  {
    "99popularity": 80.0,
    "director": "George A. Romero",
    "genre": [
      "Horror",
      " Mystery"
    ],
    "imdb_score": 8.0,
    "name": "Night of the Living Dead"
  },
  {
    "99popularity": 53.0,
    "director": "Larry Semon",
    "genre": [
      "Comedy",
      " Family",
      " Fantasy",
      " Adventure"
    ],
    "imdb_score": 5.3,
    "name": "The Wizard of Oz"
  },
  {
    "99popularity": 68.0,
    "director": "George Lucas",
    "genre": [
      "Drama",
      " Mystery",
      " Sci-Fi",
      " Thriller"
    ],
    "imdb_score": 6.8,
    "name": "THX 1138"
  },
  {
    "99popularity": 79.0,
    "director": "Steven Spielberg",
    "genre": [
      "Adventure",
      " Drama",
      " Family",
      " Fantasy",
      " Sci-Fi"
    ],
    "imdb_score": 7.9,
    "name": "E.T. : The Extra-Terrestrial"
  },
  {
    "99popularity": 69.0,
    "director": "Maurice Tourneur",
    "genre": [
      "Comedy",
      " Drama"
    ],
    "imdb_score": 6.9,
    "name": "The Poor Little Rich Girl"
  },
  {
    "99popularity": 46.0,
    "director": "James Parrott",
    "genre": [
      "Short",
      " Adventure",
      " Comedy"
    ],
    "imdb_score": 4.6,
    "name": "The Tin Man"
  },
  {
    "99popularity": 86.0,
    "director": "Martin Scorsese",
    "genre": [
      "Drama",
      " Thriller"
    ],
    "imdb_score": 8.6,
    "name": "Taxi Driver"
  },
  {
    "99popularity": 90.0,
    "director": "Sergio Leone",
    "genre": [
      "Adventure",
      " Western"
    ],
    "imdb_score": 9.0,
    "name": "Il buono, il brutto, il cattivo."
  },
  {
    "99popularity": 66.0,
    "director": "D.W. Griffith",
    "genre": [
      "Short",
      " Action",
      " Western"
    ],
    "imdb_score": 6.6,
    "name": "The Battle at Elderbush Gulch"
  },
  {
    "99popularity": 84.0,
    "director": "Stanley Donen",
    "genre": [
      "Comedy",
      " Musical",
      " Romance"
    ],
    "imdb_score": 8.4,
    "name": "Singin in the Rain"
  },
  {
    "99popularity": 84.0,
    "director": "Elia Kazan",
    "genre": [
      "Crime",
      " Drama",
      " Romance"
    ],
    "imdb_score": 8.4,
    "name": "On the Waterfront"
  },
  {
    "99popularity": 84.0,
    "director": "Clyde Bruckman",
    "genre": [
      "Comedy",
      " Romance",
      " War",
      " Action"
    ],
    "imdb_score": 8.4,
    "name": "The General"
  },
  {
    "99popularity": 78.0,
    "director": "Ivan Reitman",
    "genre": [
      "Adventure",
      " Fantasy",
      " Mystery"
    ],
    "imdb_score": 7.8,
    "name": "Ghost Busters"
  },
  {
    "99popularity": 71.0,
    "director": "W.S. Van Dyke",
    "genre": [
      "Action",
      " Adventure",
      " Romance"
    ],
    "imdb_score": 7.1,
    "name": "Tarzan the Ape Man"
  },
  {
    "99popularity": 60.0,
    "director": "L. Frank Baum",
    "genre": [
      "Family",
      " Fantasy",
      " Adventure",
      " Comedy"
    ],
    "imdb_score": 6.0,
    "name": "His Majesty, the Scarecrow of Oz"
  },
  {
    "99popularity": 95.0,
    "director": "John Brahm",
    "genre": [
      "Drama",
      " Fantasy",
      " Mystery",
      " Sci-Fi",
      " Thriller"
    ],
    "imdb_score": 9.5,
    "name": "The Twilight Zone"
  },
  {
    "99popularity": 75.0,
    "director": "Edwin S. Porter",
    "genre": [
      "Short",
      " Western"
    ],
    "imdb_score": 7.5,
    "name": "The Great Train Robbery"
  },
  {
    "99popularity": 79.0,
    "director": "Guy Hamilton",
    "genre": [
      "Action",
      " Adventure",
      " Thriller"
    ],
    "imdb_score": 7.9,
    "name": "Goldfinger"
  },
  {
    "99popularity": 81.0,
    "director": "Federico Fellini",
    "genre": [
      "Comedy",
      " Drama"
    ],
    "imdb_score": 8.1,
    "name": "La dolce vita"
  },
  {
    "99popularity": 85.0,
    "director": "Ridley Scott",
    "genre": [
      "Adventure",
      " Horror",
      " Sci-Fi",
      " Thriller"
    ],
    "imdb_score": 8.5,
    "name": "Alien"
  },
  {
    "99popularity": 81.0,
    "director": "F.W. Murnau",
    "genre": [
      "Fantasy",
      " Horror"
    ],
    "imdb_score": 8.1,
    "name": "Nosferatu, eine Symphonie des Grauens"
  },
  {
    "99popularity": 85.0,
    "director": "Stanley Kubrick",
    "genre": [
      "Horror",
      " Mystery"
    ],
    "imdb_score": 8.5,
    "name": "The Shining"
  },
  {
    "99popularity": 86.0,
    "director": "Stanley Kubrick",
    "genre": [
      "Comedy",
      " Drama"
    ],
    "imdb_score": 8.6,
    "name": "Dr. Strangelove or : How I Learned to Stop Worrying and Love the Bomb"
  },
  {
    "99popularity": 82.0,
    "director": "Brian De Palma",
    "genre": [
      "Crime",
      " Drama",
      " Thriller"
    ],
    "imdb_score": 8.2,
    "name": "Scarface"
  },
  {
    "99popularity": 81.0,
    "director": "John G. Avildsen",
    "genre": [
      "Drama",
      " Romance",
      " Sport"
    ],
    "imdb_score": 8.1,
    "name": "Rocky"
  },
  {
    "99popularity": 90.0,
    "director": "Mark Kirkland",
    "genre": [
      "Animation",
      " Comedy"
    ],
    "imdb_score": 9.0,
    "name": "The Simpsons"
  },
  {
    "99popularity": 80.0,
    "director": "Luis Bu1uel",
    "genre": [
      "Short",
      " Fantasy"
    ],
    "imdb_score": 8.0,
    "name": "Un chien andalou"
  },
  {
    "99popularity": 77.0,
    "director": "Tod Browning",
    "genre": [
      "Fantasy",
      " Horror"
    ],
    "imdb_score": 7.7,
    "name": "Dracula"
  },
  {
    "99popularity": 75.0,
    "director": "Ted Kotcheff",
    "genre": [
      "Action",
      " Adventure",
      " Drama",
      " Thriller"
    ],
    "imdb_score": 7.5,
    "name": "First Blood"
  },
  {
    "99popularity": 80.0,
    "director": "Joseph Barbera",
    "genre": [
      "Animation",
      " Family",
      " Comedy"
    ],
    "imdb_score": 8.0,
    "name": "The Flintstones"
  },
  {
    "99popularity": 77.0,
    "director": "Oscar Rudolph",
    "genre": [
      "Action",
      " Adventure",
      " Comedy",
      " Crime",
      " Family",
      " Fantasy",
      " Mystery",
      " Sci-Fi"
    ],
    "imdb_score": 7.7,
    "name": "Batman"
  },
  {
    "99popularity": 70.0,
    "director": "John Ford",
    "genre": [
      "Adventure",
      " War"
    ],
    "imdb_score": 7.0,
    "name": "The Lost Patrol"
  },
  {
    "99popularity": 81.0,
    "director": "Mervyn LeRoy",
    "genre": [
      "Crime",
      " Drama",
      " Film-Noir"
    ],
    "imdb_score": 8.1,
    "name": "I Am a Fugitive from a Chain Gang"
  },
  {
    "99popularity": 84.0,
    "director": "Robert Zemeckis",
    "genre": [
      "Adventure",
      " Family",
      " Sci-Fi"
    ],
    "imdb_score": 8.4,
    "name": "Back to the Future"
  },
  {
    "99popularity": 79.0,
    "director": "John Boorman",
    "genre": [
      "Adventure",
      " Drama",
      " Thriller"
    ],
    "imdb_score": 7.9,
    "name": "Deliverance"
  },
  {
    "99popularity": 84.0,
    "director": "Alfred Hitchcock",
    "genre": [
      "Mystery",
      " Romance",
      " Thriller"
    ],
    "imdb_score": 8.4,
    "name": "Rebecca"
  },
  {
    "99popularity": 80.0,
    "director": "Edward F. Cline",
    "genre": [
      "Comedy",
      " Short",
      " Family"
    ],
    "imdb_score": 8.0,
    "name": "The Scarecrow"
  },
  {
    "99popularity": 75.0,
    "director": "Tobe Hooper",
    "genre": [
      "Horror",
      " Mystery",
      " Thriller"
    ],
    "imdb_score": 7.5,
    "name": "The Texas Chain Saw Massacre"
  },
  {
    "99popularity": 84.0,
    "director": "David Lean",
    "genre": [
      "Adventure",
      " Drama",
      " War"
    ],
    "imdb_score": 8.4,
    "name": "The Bridge on the River Kwai"
  },
  {
    "99popularity": 87.0,
    "director": "Frank Capra",
    "genre": [
      "Drama",
      " Fantasy",
      " Romance"
    ],
    "imdb_score": 8.7,
    "name": "Its a Wonderful Life"
  },
  {
    "99popularity": 71.0,
    "director": "Steven Soderbergh",
    "genre": [
      "Drama"
    ],
    "imdb_score": 7.1,
    "name": "Sex, Lies, and Videotape"
  },
  {
    "99popularity": 79.0,
    "director": "Don Siegel",
    "genre": [
      "Action",
      " Crime",
      " Thriller"
    ],
    "imdb_score": 7.9,
    "name": "Dirty Harry"
  },
  {
    "99popularity": 79.0,
    "director": "George Cukor",
    "genre": [
      "Drama",
      " Family",
      " Musical",
      " Romance"
    ],
    "imdb_score": 7.9,
    "name": "My Fair Lady"
  },
  {
    "99popularity": 75.0,
    "director": "Samuel Armstrong",
    "genre": [
      "Animation",
      " Family",
      " Musical"
    ],
    "imdb_score": 7.5,
    "name": "Dumbo"
  },
  {
    "99popularity": 79.0,
    "director": "Alfred Hitchcock",
    "genre": [
      "Horror",
      " Romance",
      " Thriller"
    ],
    "imdb_score": 7.9,
    "name": "The Birds"
  },
  {
    "99popularity": 72.0,
    "director": "James W. Horne",
    "genre": [
      "Comedy",
      " Drama",
      " Sport"
    ],
    "imdb_score": 7.2,
    "name": "College"
  },
  {
    "99popularity": 74.0,
    "director": "James Cameron",
    "genre": [
      "Drama",
      " History",
      " Romance"
    ],
    "imdb_score": 7.4,
    "name": "Titanic"
  },
  {
    "99popularity": 82.0,
    "director": "William Wyler",
    "genre": [
      "Action",
      " Adventure",
      " Drama",
      " History",
      " Romance"
    ],
    "imdb_score": 8.2,
    "name": "Ben-Hur"
  },
  {
    "99popularity": 90.0,
    "director": "Quentin Tarantino",
    "genre": [
      "Crime",
      " Drama"
    ],
    "imdb_score": 9.0,
    "name": "Pulp Fiction"
  },
  {
    "99popularity": 87.0,
    "director": "Alfred Hitchcock",
    "genre": [
      "Crime",
      " Mystery",
      " Romance",
      " Thriller"
    ],
    "imdb_score": 8.7,
    "name": "Rear Window"
  },
  {
    "99popularity": 85.0,
    "director": "James Cameron",
    "genre": [
      "Action",
      " Sci-Fi",
      " Thriller"
    ],
    "imdb_score": 8.5,
    "name": "Aliens"
  },
  {
    "99popularity": 70.0,
    "director": "John Cromwell",
    "genre": [
      "Drama",
      " Mystery",
      " Romance"
    ],
    "imdb_score": 7.0,
    "name": "Algiers"
  },
  {
    "99popularity": 81.0,
    "director": "Erich von Stroheim",
    "genre": [
      "Drama"
    ],
    "imdb_score": 8.1,
    "name": "Greed"
  },
  {
    "99popularity": 87.0,
    "director": "Jonathan Demme",
    "genre": [
      "Crime",
      " Thriller"
    ],
    "imdb_score": 8.7,
    "name": "The Silence of the Lambs"
  },
  {
    "99popularity": 79.0,
    "director": "Charles Chaplin",
    "genre": [
      "Comedy",
      " Family",
      " Drama",
      " Romance"
    ],
    "imdb_score": 7.9,
    "name": "The Circus"
  },
  {
    "99popularity": 90.0,
    "director": "Kim Manners",
    "genre": [
      "Drama",
      " Mystery",
      " Sci-Fi",
      " Thriller"
    ],
    "imdb_score": 9.0,
    "name": "The X Files"
  },
  {
    "99popularity": 85.0,
    "director": "James Cameron",
    "genre": [
      "Action",
      " Sci-Fi",
      " Thriller"
    ],
    "imdb_score": 8.5,
    "name": "Terminator 2 : Judgment Day"
  },
  {
    "99popularity": 60.0,
    "director": "Joseph C. Terry",
    "genre": [
      "Talk-Show"
    ],
    "imdb_score": 6.0,
    "name": "The Oprah Winfrey Show"
  },
  {
    "99popularity": 82.0,
    "director": "Mike Nichols",
    "genre": [
      "Comedy",
      " Drama",
      " Romance"
    ],
    "imdb_score": 8.2,
    "name": "The Graduate"
  },
  {
    "99popularity": 55.0,
    "director": "Henry Lehrman",
    "genre": [
      "Comedy",
      " Short"
    ],
    "imdb_score": 5.5,
    "name": "The Bangville Police"
  },
  {
    "99popularity": 87.0,
    "director": "Andy Wachowski",
    "genre": [
      "Action",
      " Adventure",
      " Sci-Fi"
    ],
    "imdb_score": 8.7,
    "name": "The Matrix"
  },
  {
    "99popularity": 70.0,
    "director": "Oscar Rudolph",
    "genre": [
      "Comedy",
      " Family"
    ],
    "imdb_score": 7.0,
    "name": "The Brady Bunch"
  },
  {
    "99popularity": 85.0,
    "director": "David Lean",
    "genre": [
      "Adventure",
      " Biography",
      " Drama",
      " History",
      " War"
    ],
    "imdb_score": 8.5,
    "name": "Lawrence of Arabia"
  },
  {
    "99popularity": 74.0,
    "director": "Wes Craven",
    "genre": [
      "Horror",
      " Mystery"
    ],
    "imdb_score": 7.4,
    "name": "A Nightmare on Elm Street"
  },
  {
    "99popularity": 78.0,
    "director": "George Schaefer",
    "genre": [
      "Comedy",
      " Drama"
    ],
    "imdb_score": 7.8,
    "name": "Pygmalion"
  },
  {
    "99popularity": 86.0,
    "director": "Alfred Hitchcock",
    "genre": [
      "Adventure",
      " Drama",
      " Mystery",
      " Romance",
      " Thriller"
    ],
    "imdb_score": 8.6,
    "name": "North by Northwest"
  },
  {
    "99popularity": 79.0,
    "director": "Robert Wise",
    "genre": [
      "Biography",
      " Drama",
      " Family",
      " Musical"
    ],
    "imdb_score": 7.9,
    "name": "The Sound of Music"
  },
  {
    "99popularity": 78.0,
    "director": "Jack Arnold",
    "genre": [
      "Comedy",
      " Family"
    ],
    "imdb_score": 7.8,
    "name": "Gilligans Island"
  },
  {
    "99popularity": 76.0,
    "director": "James Algar",
    "genre": [
      "Animation",
      " Drama",
      " Family"
    ],
    "imdb_score": 7.6,
    "name": "Bambi"
  },
  {
    "99popularity": 78.0,
    "director": "Jerome Robbins",
    "genre": [
      "Crime",
      " Drama",
      " Musical",
      " Romance"
    ],
    "imdb_score": 7.8,
    "name": "West Side Story"
  },
  {
    "99popularity": 79.0,
    "director": "Fred Zinnemann",
    "genre": [
      "Drama",
      " Romance",
      " War"
    ],
    "imdb_score": 7.9,
    "name": "From Here to Eternity"
  },
  {
    "99popularity": 79.0,
    "director": "John Carpenter",
    "genre": [
      "Horror",
      " Thriller"
    ],
    "imdb_score": 7.9,
    "name": "Halloween"
  },
  {
    "99popularity": 90.0,
    "director": "William Asher",
    "genre": [
      "Comedy",
      " Family"
    ],
    "imdb_score": 9.0,
    "name": "I Love Lucy"
  },
  {
    "99popularity": 74.0,
    "director": "Karl Freund",
    "genre": [
      "Romance",
      " Horror"
    ],
    "imdb_score": 7.4,
    "name": "Mad Love"
  },
  {
    "99popularity": 83.0,
    "director": "Ridley Scott",
    "genre": [
      "Drama",
      " Sci-Fi",
      " Thriller"
    ],
    "imdb_score": 8.3,
    "name": "Blade Runner"
  },
  {
    "99popularity": 77.0,
    "director": "Robert Stevenson",
    "genre": [
      "Comedy",
      " Family",
      " Fantasy",
      " Musical"
    ],
    "imdb_score": 7.7,
    "name": "Mary Poppins"
  },
  {
    "99popularity": 83.0,
    "director": "Richard Marquand",
    "genre": [
      "Action",
      " Adventure",
      " Fantasy",
      " Sci-Fi"
    ],
    "imdb_score": 8.3,
    "name": "Star Wars : Episode VI - Return of the Jedi"
  },
  {
    "99popularity": 78.0,
    "director": "Steven Spielberg",
    "genre": [
      "Drama",
      " Sci-Fi"
    ],
    "imdb_score": 7.8,
    "name": "Close Encounters of the Third Kind"
  },
  {
    "99popularity": 88.0,
    "director": "Akira Kurosawa",
    "genre": [
      "Adventure",
      " Drama"
    ],
    "imdb_score": 8.8,
    "name": "Shichinin no samurai"
  },
  {
    "99popularity": 80.0,
    "director": "James Whale",
    "genre": [
      "Horror",
      " Sci-Fi"
    ],
    "imdb_score": 8.0,
    "name": "Bride of Frankenstein"
  },
  {
    "99popularity": 85.0,
    "director": "John Huston",
    "genre": [
      "Adventure",
      " Drama",
      " Western",
      " Action"
    ],
    "imdb_score": 8.5,
    "name": "The Treasure of the Sierra Madre"
  },
  {
    "99popularity": 60.0,
    "director": "Phil Karlson",
    "genre": [
      "Drama",
      " Crime",
      " Film-Noir"
    ],
    "imdb_score": 6.0,
    "name": "5 Against the House"
  },
  {
    "99popularity": 79.0,
    "director": "Akira Kurosawa",
    "genre": [
      "Drama",
      " History",
      " War"
    ],
    "imdb_score": 7.9,
    "name": "Kagemusha"
  },
  {
    "99popularity": 47.0,
    "director": "D.W. Griffith",
    "genre": [
      "Short",
      " Drama"
    ],
    "imdb_score": 4.7,
    "name": "His Trust Fulfilled"
  },
  {
    "99popularity": 53.0,
    "director": "D.W. Griffith",
    "genre": [
      "Short",
      " Drama",
      " War"
    ],
    "imdb_score": 5.3,
    "name": "His Trust"
  },
  {
    "99popularity": 73.0,
    "director": "Ishirccab Honda",
    "genre": [
      "Drama",
      " Horror",
      " Sci-Fi",
      " Thriller"
    ],
    "imdb_score": 7.3,
    "name": "Gojira"
  },
  {
    "99popularity": 80.0,
    "director": "Stanley Kubrick",
    "genre": [
      "Action",
      " Adventure",
      " Biography",
      " Drama",
      " History"
    ],
    "imdb_score": 8.0,
    "name": "Spartacus"
  },
  {
    "99popularity": 71.0,
    "director": "Winsor McCay",
    "genre": [
      "Animation",
      " Short"
    ],
    "imdb_score": 7.1,
    "name": "Dreams of the Rarebit Fiend : The Pet"
  },
  {
    "99popularity": 84.0,
    "director": "John Huston",
    "genre": [
      "Crime",
      " Film-Noir",
      " Mystery"
    ],
    "imdb_score": 8.4,
    "name": "The Maltese Falcon"
  },
  {
    "99popularity": 80.0,
    "director": "Franklin J. Schaffner",
    "genre": [
      "Adventure",
      " Mystery",
      " Sci-Fi"
    ],
    "imdb_score": 8.0,
    "name": "Planet of the Apes"
  },
  {
    "99popularity": 72.0,
    "director": "Frank Lloyd",
    "genre": [
      "Adventure",
      " Drama",
      " Romance"
    ],
    "imdb_score": 7.2,
    "name": "The Sea Hawk"
  },
  {
    "99popularity": 82.0,
    "director": "Lewis Milestone",
    "genre": [
      "Action",
      " Drama",
      " History",
      " War"
    ],
    "imdb_score": 8.2,
    "name": "All Quiet on the Western Front"
  },
  {
    "99popularity": 74.0,
    "director": "Carl Boese",
    "genre": [
      "Fantasy",
      " Horror"
    ],
    "imdb_score": 7.4,
    "name": "Der Golem, wie er in die Welt kam"
  },
  {
    "99popularity": 59.0,
    "director": "Gordon Douglas",
    "genre": [
      "Action",
      " Adventure",
      " Comedy",
      " Sci-Fi"
    ],
    "imdb_score": 5.9,
    "name": "In Like Flint"
  },
  {
    "99popularity": 74.0,
    "director": "Leo McCarey",
    "genre": [
      "Drama",
      " Family"
    ],
    "imdb_score": 7.4,
    "name": "The Bells of St. Marys"
  },
  {
    "99popularity": 77.0,
    "director": "Steven Spielberg",
    "genre": [
      "Mystery",
      " Thriller"
    ],
    "imdb_score": 7.7,
    "name": "Duel"
  },
  {
    "99popularity": 78.0,
    "director": "Sergei M. Eisenstein",
    "genre": [
      "Drama"
    ],
    "imdb_score": 7.8,
    "name": "Stachka"
  },
  {
    "99popularity": 71.0,
    "director": "Fred Zinnemann",
    "genre": [
      "Musical",
      " Romance",
      " Western"
    ],
    "imdb_score": 7.1,
    "name": "Oklahoma!"
  },
  {
    "99popularity": 74.0,
    "director": "Maya Deren",
    "genre": [
      "Short"
    ],
    "imdb_score": 7.4,
    "name": "At Land"
  },
  {
    "99popularity": 79.0,
    "director": "Steven Spielberg",
    "genre": [
      "Action",
      " Adventure",
      " Family",
      " Sci-Fi"
    ],
    "imdb_score": 7.9,
    "name": "Jurassic Park"
  },
  {
    "99popularity": 79.0,
    "director": "John Ford",
    "genre": [
      "Action",
      " Drama",
      " Romance",
      " Western"
    ],
    "imdb_score": 7.9,
    "name": "Stagecoach"
  },
  {
    "99popularity": 86.0,
    "director": "Stanley Kubrick",
    "genre": [
      "Crime",
      " Drama",
      " War"
    ],
    "imdb_score": 8.6,
    "name": "Paths of Glory"
  },
  {
    "99popularity": 77.0,
    "director": "Jerry Paris",
    "genre": [
      "Comedy",
      " Family",
      " Music"
    ],
    "imdb_score": 7.7,
    "name": "Happy Days"
  },
  {
    "99popularity": 68.0,
    "director": "John Badham",
    "genre": [
      "Drama",
      " Music",
      " Romance"
    ],
    "imdb_score": 6.8,
    "name": "Saturday Night Fever"
  },
  {
    "99popularity": 81.0,
    "director": "George Cukor",
    "genre": [
      "Comedy",
      " Romance"
    ],
    "imdb_score": 8.1,
    "name": "The Philadelphia Story"
  },
  {
    "99popularity": 82.0,
    "director": "Federico Fellini",
    "genre": [
      "Drama",
      " Fantasy"
    ],
    "imdb_score": 8.2,
    "name": "8xe5"
  },
  {
    "99popularity": 86.0,
    "director": "Douglas Camfield",
    "genre": [
      "Adventure",
      " Drama",
      " Sci-Fi"
    ],
    "imdb_score": 8.6,
    "name": "Doctor Who"
  },
  {
    "99popularity": 86.0,
    "director": "Fritz Lang",
    "genre": [
      "Crime",
      " Thriller"
    ],
    "imdb_score": 8.6,
    "name": "M"
  },
  {
    "99popularity": 74.0,
    "director": "John Huston",
    "genre": [
      "Adventure",
      " Drama"
    ],
    "imdb_score": 7.4,
    "name": "Moby Dick"
  },
  {
    "99popularity": 74.0,
    "director": "Brian De Palma",
    "genre": [
      "Horror",
      " Thriller"
    ],
    "imdb_score": 7.4,
    "name": "Carrie"
  },
  {
    "99popularity": 79.0,
    "director": "Nicholas Ray",
    "genre": [
      "Drama",
      " Romance"
    ],
    "imdb_score": 7.9,
    "name": "Rebel Without a Cause"
  },
  {
    "99popularity": 73.0,
    "director": "Richard Donner",
    "genre": [
      "Action",
      " Adventure",
      " Family",
      " Sci-Fi"
    ],
    "imdb_score": 7.3,
    "name": "Superman"
  },
  {
    "99popularity": 88.0,
    "director": "Peter Harris",
    "genre": [
      "Comedy",
      " Family",
      " Music"
    ],
    "imdb_score": 8.8,
    "name": "The Muppet Show"
  },
  {
    "99popularity": 77.0,
    "director": "Norman Ferguson",
    "genre": [
      "Animation",
      " Drama",
      " Family",
      " Fantasy",
      " Music"
    ],
    "imdb_score": 7.7,
    "name": "Pinocchio"
  },
  {
    "99popularity": 75.0,
    "director": "Arthur Lipsett",
    "genre": [
      "Short"
    ],
    "imdb_score": 7.5,
    "name": "21-87"
  },
  {
    "99popularity": 81.0,
    "director": "Joseph Barbera",
    "genre": [
      "Animation",
      " Family",
      " Mystery",
      " Comedy",
      " Adventure"
    ],
    "imdb_score": 8.1,
    "name": "Scooby Doo, Where Are You!"
  },
  {
    "99popularity": 71.0,
    "director": "Joy Batchelor",
    "genre": [
      "Animation",
      " Drama"
    ],
    "imdb_score": 7.1,
    "name": "Animal Farm"
  },
  {
    "99popularity": 48.0,
    "director": "Ray Enright",
    "genre": [
      "Comedy",
      " Music",
      " Romance",
      " Sport"
    ],
    "imdb_score": 4.8,
    "name": "Swing Your Lady"
  },
  {
    "99popularity": 78.0,
    "director": "George Stevens",
    "genre": [
      "Drama",
      " Western"
    ],
    "imdb_score": 7.8,
    "name": "Shane"
  },
  {
    "99popularity": 69.0,
    "director": "John G. Avildsen",
    "genre": [
      "Drama",
      " Family",
      " Sport"
    ],
    "imdb_score": 6.9,
    "name": "The Karate Kid"
  },
  {
    "99popularity": 86.0,
    "director": "Kevin McCarthy",
    "genre": [
      "Game-Show"
    ],
    "imdb_score": 8.6,
    "name": "Jeopardy!"
  },
  {
    "99popularity": 82.0,
    "director": "Norman Tokar",
    "genre": [
      "Comedy",
      " Family"
    ],
    "imdb_score": 8.2,
    "name": "Leave It to Beaver"
  },
  {
    "99popularity": 80.0,
    "director": "Arthur Penn",
    "genre": [
      "Biography",
      " Crime",
      " Drama",
      " Romance"
    ],
    "imdb_score": 8.0,
    "name": "Bonnie and Clyde"
  },
  {
    "99popularity": 89.0,
    "director": "Milos Forman",
    "genre": [
      "Drama"
    ],
    "imdb_score": 8.9,
    "name": "One Flew Over the Cuckoos Nest"
  },
  {
    "99popularity": 81.0,
    "director": "Dave Wilson",
    "genre": [
      "Comedy",
      " Music"
    ],
    "imdb_score": 8.1,
    "name": "Saturday Night Live"
  },
  {
    "99popularity": 88.0,
    "director": "Sergio Leone",
    "genre": [
      "Western"
    ],
    "imdb_score": 8.8,
    "name": "Cera una volta il West"
  },
  {
    "99popularity": 84.0,
    "director": "F.W. Murnau",
    "genre": [
      "Drama",
      " Romance"
    ],
    "imdb_score": 8.4,
    "name": "Sunrise : A Song of Two Humans"
  },
  {
    "99popularity": 82.0,
    "director": "Roger Allers",
    "genre": [
      "Animation",
      " Adventure",
      " Drama",
      " Family",
      " Musical"
    ],
    "imdb_score": 8.2,
    "name": "The Lion King"
  },
  {
    "99popularity": 75.0,
    "director": "Walt Disney",
    "genre": [
      "Animation",
      " Family",
      " Comedy",
      " Short"
    ],
    "imdb_score": 7.5,
    "name": "Plane Crazy"
  },
  {
    "99popularity": 64.0,
    "director": "Rob Klug",
    "genre": [
      "Documentary",
      " News"
    ],
    "imdb_score": 6.4,
    "name": "60 Minutes"
  },
  {
    "99popularity": 77.0,
    "director": "Stanley Kubrick",
    "genre": [
      "Drama",
      " Romance"
    ],
    "imdb_score": 7.7,
    "name": "Lolita"
  },
  {
    "99popularity": 83.0,
    "director": "John McTiernan",
    "genre": [
      "Action",
      " Crime",
      " Thriller"
    ],
    "imdb_score": 8.3,
    "name": "Die Hard"
  },
  {
    "99popularity": 82.0,
    "director": "Otto Preminger",
    "genre": [
      "Crime",
      " Film-Noir",
      " Mystery",
      " Romance",
      " Thriller"
    ],
    "imdb_score": 8.2,
    "name": "Laura"
  },
  {
    "99popularity": 73.0,
    "director": "Dennis Hopper",
    "genre": [
      "Crime",
      " Drama"
    ],
    "imdb_score": 7.3,
    "name": "Easy Rider"
  },
  {
    "99popularity": 80.0,
    "director": "Don Siegel",
    "genre": [
      "Horror",
      " Sci-Fi",
      " Thriller"
    ],
    "imdb_score": 8.0,
    "name": "Invasion of the Body Snatchers"
  },
  {
    "99popularity": 78.0,
    "director": "Alain Resnais",
    "genre": [
      "Drama",
      " Mystery",
      " Romance"
    ],
    "imdb_score": 7.8,
    "name": "Lanncca9e derniccacre ccca Marienbad"
  },
  {
    "99popularity": 68.0,
    "director": "Walter Grauman",
    "genre": [
      "Drama",
      " Thriller"
    ],
    "imdb_score": 6.8,
    "name": "Lady in a Cage"
  },
  {
    "99popularity": 76.0,
    "director": "Sam Raimi",
    "genre": [
      "Horror"
    ],
    "imdb_score": 7.6,
    "name": "The Evil Dead"
  },
  {
    "99popularity": 83.0,
    "director": "Bobby Quinn",
    "genre": [
      "Comedy",
      " Music",
      " Talk-Show"
    ],
    "imdb_score": 8.3,
    "name": "The Tonight Show Starring Johnny Carson"
  },
  {
    "99popularity": 66.0,
    "director": "Tony Scott",
    "genre": [
      "Action",
      " Drama",
      " Romance"
    ],
    "imdb_score": 6.6,
    "name": "Top Gun"
  },
  {
    "99popularity": 69.0,
    "director": "Lewis Gilbert",
    "genre": [
      "Action",
      " Adventure",
      " Sci-Fi",
      " Thriller"
    ],
    "imdb_score": 6.9,
    "name": "You Only Live Twice"
  },
  {
    "99popularity": 75.0,
    "director": "Terence Young",
    "genre": [
      "Action",
      " Adventure",
      " Romance",
      " Thriller"
    ],
    "imdb_score": 7.5,
    "name": "From Russia with Love"
  },
  {
    "99popularity": 81.0,
    "director": "Hollingsworth Morse",
    "genre": [
      "Adventure",
      " Western",
      " Family"
    ],
    "imdb_score": 8.1,
    "name": "The Lone Ranger"
  },
  {
    "99popularity": 52.0,
    "director": "Gerard Damiano",
    "genre": [
      "Adult",
      " Comedy"
    ],
    "imdb_score": 5.2,
    "name": "Deep Throat"
  },
  {
    "99popularity": 76.0,
    "director": "Samuel Fuller",
    "genre": [
      "Drama",
      " Mystery"
    ],
    "imdb_score": 7.6,
    "name": "Shock Corridor"
  },
  {
    "99popularity": 76.0,
    "director": "Robert Clouse",
    "genre": [
      "Action",
      " Crime",
      " Drama",
      " Thriller"
    ],
    "imdb_score": 7.6,
    "name": "Enter the Dragon"
  },
  {
    "99popularity": 78.0,
    "director": "John Sturges",
    "genre": [
      "Western",
      " Adventure",
      " Drama"
    ],
    "imdb_score": 7.8,
    "name": "The Magnificent Seven"
  },
  {
    "99popularity": 77.0,
    "director": "Josef von Sternberg",
    "genre": [
      "Crime",
      " Drama"
    ],
    "imdb_score": 7.7,
    "name": "Underworld"
  },
  {
    "99popularity": 73.0,
    "director": "John Ford",
    "genre": [
      "Western"
    ],
    "imdb_score": 7.3,
    "name": "She Wore a Yellow Ribbon"
  },
  {
    "99popularity": 67.0,
    "director": "Edouard Molinaro",
    "genre": [
      "Drama",
      " Thriller"
    ],
    "imdb_score": 6.7,
    "name": "Un dans la ville"
  },
  {
    "99popularity": 76.0,
    "director": "Tim Burton",
    "genre": [
      "Crime",
      " Drama",
      " Thriller"
    ],
    "imdb_score": 7.6,
    "name": "Batman"
  },
  {
    "99popularity": 74.0,
    "director": "Clyde Geronimi",
    "genre": [
      "Animation",
      " Family",
      " Fantasy",
      " Musical",
      " Romance"
    ],
    "imdb_score": 7.4,
    "name": "Cinderella"
  },
  {
    "99popularity": 55.0,
    "director": "Lee Sholem",
    "genre": [
      "Action",
      " Adventure",
      " Fantasy",
      " Romance"
    ],
    "imdb_score": 5.5,
    "name": "Tarzans Magic Fountain"
  },
  {
    "99popularity": 83.0,
    "director": "Fred Zinnemann",
    "genre": [
      "Drama",
      " Western"
    ],
    "imdb_score": 8.3,
    "name": "High Noon"
  },
  {
    "99popularity": 77.0,
    "director": "Leni Riefenstahl",
    "genre": [
      "Documentary",
      " War"
    ],
    "imdb_score": 7.7,
    "name": "Triumph des Willens"
  },
  {
    "99popularity": 84.0,
    "director": "Frank Capra",
    "genre": [
      "Drama"
    ],
    "imdb_score": 8.4,
    "name": "Mr. Smith Goes to Washington"
  },
  {
    "99popularity": 70.0,
    "director": "Randal Kleiser",
    "genre": [
      "Musical",
      " Romance"
    ],
    "imdb_score": 7.0,
    "name": "Grease"
  },
  {
    "99popularity": 81.0,
    "director": "D.W. Griffith",
    "genre": [
      "Drama",
      " History",
      " Romance"
    ],
    "imdb_score": 8.1,
    "name": "Intolerance : Loves Struggle Throughout the Ages"
  },
  {
    "99popularity": 84.0,
    "director": "Quentin Tarantino",
    "genre": [
      "Crime",
      " Mystery",
      " Thriller"
    ],
    "imdb_score": 8.4,
    "name": "Reservoir Dogs"
  },
  {
    "99popularity": 78.0,
    "director": "George Stevens",
    "genre": [
      "Drama",
      " Romance"
    ],
    "imdb_score": 7.8,
    "name": "A Place in the Sun"
  },
  {
    "99popularity": 85.0,
    "director": "Carol Reed",
    "genre": [
      "Film-Noir",
      " Mystery",
      " Thriller"
    ],
    "imdb_score": 8.5,
    "name": "The Third Man"
  },
  {
    "99popularity": 83.0,
    "director": "Charles Chaplin",
    "genre": [
      "Adventure",
      " Comedy",
      " Family",
      " Romance",
      " Western"
    ],
    "imdb_score": 8.3,
    "name": "The Gold Rush"
  },
  {
    "99popularity": 79.0,
    "director": "Cecil B. DeMille",
    "genre": [
      "Adventure",
      " Drama",
      " History"
    ],
    "imdb_score": 7.9,
    "name": "The Ten Commandments"
  },
  {
    "99popularity": 79.0,
    "director": "John Ford",
    "genre": [
      "Drama",
      " Western"
    ],
    "imdb_score": 7.9,
    "name": "My Darling Clementine"
  },
  {
    "99popularity": 87.0,
    "director": "Billy Wilder",
    "genre": [
      "Drama",
      " Film-Noir"
    ],
    "imdb_score": 8.7,
    "name": "Sunset Blvd."
  },
  {
    "99popularity": 63.0,
    "director": "Sean S. Cunningham",
    "genre": [
      "Horror",
      " Mystery",
      " Thriller"
    ],
    "imdb_score": 6.3,
    "name": "Friday the 13th"
  },
  {
    "99popularity": 83.0,
    "director": "John Sturges",
    "genre": [
      "Adventure",
      " Drama",
      " History",
      " War"
    ],
    "imdb_score": 8.3,
    "name": "The Great Escape"
  },
  {
    "99popularity": 70.0,
    "director": "Clint Eastwood",
    "genre": [
      "Crime",
      " Drama",
      " Romance",
      " Thriller"
    ],
    "imdb_score": 7.0,
    "name": "Play Misty for Me"
  },
  {
    "99popularity": 73.0,
    "director": "Cameron Crowe",
    "genre": [
      "Comedy",
      " Drama",
      " Romance",
      " Sport"
    ],
    "imdb_score": 7.3,
    "name": "Jerry Maguire"
  },
  {
    "99popularity": 73.0,
    "director": "Bretaigne Windust",
    "genre": [
      "Drama",
      " Crime",
      " Film-Noir"
    ],
    "imdb_score": 7.3,
    "name": "The Enforcer"
  },
  {
    "99popularity": 68.0,
    "director": "Richard Fleischer",
    "genre": [
      "Adventure",
      " Sci-Fi"
    ],
    "imdb_score": 6.8,
    "name": "Fantastic Voyage"
  },
  {
    "99popularity": 82.0,
    "director": "George Roy Hill",
    "genre": [
      "Adventure",
      " Crime",
      " Drama",
      " Western"
    ],
    "imdb_score": 8.2,
    "name": "Butch Cassidy and the Sundance Kid"
  },
  {
    "99popularity": 86.0,
    "director": "Bob Sweeney",
    "genre": [
      "Comedy",
      " Family"
    ],
    "imdb_score": 8.6,
    "name": "The Andy Griffith Show"
  },
  {
    "99popularity": 79.0,
    "director": "John Landis",
    "genre": [
      "Action",
      " Comedy",
      " Music",
      " Musical"
    ],
    "imdb_score": 7.9,
    "name": "The Blues Brothers"
  },
  {
    "99popularity": 86.0,
    "director": "Robert Zemeckis",
    "genre": [
      "Drama",
      " Romance"
    ],
    "imdb_score": 8.6,
    "name": "Forrest Gump"
  },
  {
    "99popularity": 84.0,
    "director": "Billy Wilder",
    "genre": [
      "Comedy"
    ],
    "imdb_score": 8.4,
    "name": "Some Like It Hot"
  },
  {
    "99popularity": 48.0,
    "director": "Bruce Gowers",
    "genre": [
      "Game-Show",
      " Music",
      " Reality-TV"
    ],
    "imdb_score": 4.8,
    "name": "American Idol : The Search for a Superstar"
  },
  {
    "99popularity": 88.0,
    "director": "David Fincher",
    "genre": [
      "Drama",
      " Mystery",
      " Thriller"
    ],
    "imdb_score": 8.8,
    "name": "Fight Club"
  },
  {
    "99popularity": 51.0,
    "director": "Jack Arnold",
    "genre": [
      "Horror",
      " Sci-Fi"
    ],
    "imdb_score": 5.1,
    "name": "Revenge of the Creature"
  },
  {
    "99popularity": 85.0,
    "director": "Roman Polanski",
    "genre": [
      "Drama",
      " Mystery",
      " Thriller"
    ],
    "imdb_score": 8.5,
    "name": "Chinatown"
  },
  {
    "99popularity": 81.0,
    "director": "Sam Peckinpah",
    "genre": [
      "Action",
      " Western"
    ],
    "imdb_score": 8.1,
    "name": "The Wild Bunch"
  },
  {
    "99popularity": 88.0,
    "director": "Peter Jackson",
    "genre": [
      "Action",
      " Adventure",
      " Fantasy"
    ],
    "imdb_score": 8.8,
    "name": "The Lord of the Rings : The Fellowship of the Ring"
  },
  {
    "99popularity": 79.0,
    "director": "Frank Lloyd",
    "genre": [
      "Adventure",
      " Drama",
      " History"
    ],
    "imdb_score": 7.9,
    "name": "Mutiny on the Bounty"
  },
  {
    "99popularity": 78.0,
    "director": "Luis el",
    "genre": [
      "Drama",
      " Romance"
    ],
    "imdb_score": 7.8,
    "name": "El"
  },
  {
    "99popularity": 84.0,
    "director": "Stanley Kubrick",
    "genre": [
      "Drama",
      " War"
    ],
    "imdb_score": 8.4,
    "name": "Full Metal Jacket"
  },
  {
    "99popularity": 55.0,
    "director": "Stanley Kramer",
    "genre": [
      "Action",
      " Adventure",
      " Drama",
      " Romance",
      " War"
    ],
    "imdb_score": 5.5,
    "name": "The Pride and the Passion"
  },
  {
    "99popularity": 80.0,
    "director": "Rob Reiner",
    "genre": [
      "Comedy",
      " Music"
    ],
    "imdb_score": 8.0,
    "name": "This Is Spinal Tap"
  },
  {
    "99popularity": 78.0,
    "director": "Anthony Mann",
    "genre": [
      "Western"
    ],
    "imdb_score": 7.8,
    "name": "Winchester 73"
  },
  {
    "99popularity": 88.0,
    "director": "Cliff Bole",
    "genre": [
      "Action",
      " Adventure",
      " Sci-Fi"
    ],
    "imdb_score": 8.8,
    "name": "Star Trek : The Next Generation"
  },
  {
    "99popularity": 73.0,
    "director": "Charles S. Dubin",
    "genre": [
      "Crime",
      " Drama",
      " Mystery"
    ],
    "imdb_score": 7.3,
    "name": "Kojak"
  },
  {
    "99popularity": 74.0,
    "director": "Yevgeni Bauer",
    "genre": [
      "Drama",
      " Short"
    ],
    "imdb_score": 7.4,
    "name": "Gryozy"
  },
  {
    "99popularity": 49.0,
    "director": "Gregory J. Bonann",
    "genre": [
      "Drama",
      " Action",
      " Adventure"
    ],
    "imdb_score": 4.9,
    "name": "Baywatch"
  },
  {
    "99popularity": 64.0,
    "director": "Gerald Potterton",
    "genre": [
      "Animation",
      " Action",
      " Adventure",
      " Comedy",
      " Crime",
      " Fantasy",
      " Horror",
      " Sci-Fi"
    ],
    "imdb_score": 6.4,
    "name": "Heavy Metal"
  },
  {
    "99popularity": 80.0,
    "director": "Robert Wise",
    "genre": [
      "Drama",
      " Sci-Fi",
      " Thriller"
    ],
    "imdb_score": 8.0,
    "name": "The Day the Earth Stood Still"
  },
  {
    "99popularity": 77.0,
    "director": "Burt Gillett",
    "genre": [
      "Animation",
      " Musical",
      " Family",
      " Comedy",
      " Short"
    ],
    "imdb_score": 7.7,
    "name": "Three Little Pigs"
  },
  {
    "99popularity": 78.0,
    "director": "William A. Wellman",
    "genre": [
      "Action",
      " Crime",
      " Drama"
    ],
    "imdb_score": 7.8,
    "name": "The Public Enemy"
  },
  {
    "99popularity": 71.0,
    "director": "Jim Sharman",
    "genre": [
      "Comedy",
      " Musical"
    ],
    "imdb_score": 7.1,
    "name": "The Rocky Horror Picture Show"
  },
  {
    "99popularity": 80.0,
    "director": "Barry Levinson",
    "genre": [
      "Drama"
    ],
    "imdb_score": 8.0,
    "name": "Rain Man"
  },
  {
    "99popularity": 80.0,
    "director": "Jean Vigo",
    "genre": [
      "Drama",
      " Romance"
    ],
    "imdb_score": 8.0,
    "name": "Latalante"
  },
  {
    "99popularity": 82.0,
    "director": "Ingmar Bergman",
    "genre": [
      "Drama",
      " Fantasy"
    ],
    "imdb_score": 8.2,
    "name": "Persona"
  },
  {
    "99popularity": 80.0,
    "director": "George A. Romero",
    "genre": [
      "Action",
      " Horror"
    ],
    "imdb_score": 8.0,
    "name": "Dawn of the Dead"
  },
  {
    "99popularity": 74.0,
    "director": "William F. Claxton",
    "genre": [
      "Action",
      " Comedy",
      " Drama",
      " Romance",
      " War",
      " Western"
    ],
    "imdb_score": 7.4,
    "name": "Bonanza"
  },
  {
    "99popularity": 68.0,
    "director": "Adrian Lyne",
    "genre": [
      "Drama",
      " Thriller"
    ],
    "imdb_score": 6.8,
    "name": "Fatal Attraction"
  },
  {
    "99popularity": 60.0,
    "director": "Edward L. Cahn",
    "genre": [
      "Horror",
      " Sci-Fi"
    ],
    "imdb_score": 6.0,
    "name": "It! The Terror from Beyond Space"
  },
  {
    "99popularity": 83.0,
    "director": "John Moffitt",
    "genre": [
      "Comedy",
      " Music"
    ],
    "imdb_score": 8.3,
    "name": "Toast of the Town"
  },
  {
    "99popularity": 79.0,
    "director": "William Friedkin",
    "genre": [
      "Action",
      " Crime",
      " Thriller"
    ],
    "imdb_score": 7.9,
    "name": "The French Connection"
  },
  {
    "99popularity": 73.0,
    "director": "Clyde Geronimi",
    "genre": [
      "Animation",
      " Adventure",
      " Family",
      " Fantasy",
      " Music"
    ],
    "imdb_score": 7.3,
    "name": "Peter Pan"
  },
  {
    "99popularity": 78.0,
    "director": "John Nicolella",
    "genre": [
      "Action",
      " Crime",
      " Drama",
      " Thriller"
    ],
    "imdb_score": 7.8,
    "name": "Miami Vice"
  },
  {
    "99popularity": 64.0,
    "director": "George Lucas",
    "genre": [
      "Action",
      " Adventure",
      " Fantasy",
      " Sci-Fi"
    ],
    "imdb_score": 6.4,
    "name": "Star Wars : Episode I - The Phantom Menace"
  },
  {
    "99popularity": 88.0,
    "director": "Martin Scorsese",
    "genre": [
      "Crime",
      " Drama",
      " Thriller"
    ],
    "imdb_score": 8.8,
    "name": "Goodfellas"
  },
  {
    "99popularity": 62.0,
    "director": "Michael Curtiz",
    "genre": [
      "Drama",
      " History"
    ],
    "imdb_score": 6.2,
    "name": "The Egyptian"
  },
  {
    "99popularity": 76.0,
    "director": "Michael OHerlihy",
    "genre": [
      "Crime",
      " Drama",
      " Mystery"
    ],
    "imdb_score": 7.6,
    "name": "Hawaii Five-O"
  },
  {
    "99popularity": 66.0,
    "director": "Dennis Donnelly",
    "genre": [
      "Action",
      " Adventure",
      " Crime",
      " Drama",
      " Mystery"
    ],
    "imdb_score": 6.6,
    "name": "Charlies Angels"
  }
]